日時,金額,手数料,TX,アドレス
2017-12-20 21:45:48.287281,4.99400000,0.00100000,e33154deec9edf4bcce7552974e2dc94ad3296abb97c13f2e48cbc8b7c3c0fc6,MPAs7GGKn7yGDT1Zur7CQybWcZDi8h2YY5
